{
  "id": "gurps-rules-companion",
  "title": "GURPS Rules Companion",
  "description": "A modern FoundryVTT v13 module for managing and displaying GURPS rules and actions with tabs, using V2 Applications API",
  "version": "0.0.1",
  "compatibility": {
    "minimum": "13",
    "verified": "13"
  },
  "authors": [
    {
      "name": "Boifubá"
    }
  ],
  "esmodules": [
    "scripts/main.js"
  ],
  "styles": [
    "styles/actions-manager.css"
  ],
  "languages": [
    {
      "lang": "en",
      "name": "English",
      "path": "lang/en.json"
    }
  ],
  "url": "https://github.com/Boifuba/gurps-rules-companion",
  "manifest": "https://raw.githubusercontent.com/Boifuba/gurps-rules-companion/refs/heads/main/module.json",
  "download": "https://github.com/Boifuba/gurps-rules-companion/releases/download/0.0.1/gurps-rules-companion.zip"
}
